Exercício;"Código Agenda";"Programa";"Objetivo";"Objetivo Específico";"Indicador";"Meta do Objetivo Específico";"Público";"Unidade de Medida";"Valor esperado - 1º ano PPA";"Valor esperado - 2º ano PPA";"Valor esperado - 3º ano PPA";"Meta Final PPA";
2024;20;"1617";"1305";"0513";11193;"06S6";"Indígenas";"unidade";101,00;109,00;116,00;123,00;
2024;20;"5838";"1340";"0518";11645;"06ST";"Indígenas";"unidade";5,00;10,00;15,00;20,00;
2024;149;"1189";"1319";"0539";11497;"06E7";"Jovem";"unidade";600,00;1.200,00;1.800,00;2.400,00;
2024;149;"1189";"1319";"0539";11497;"06E7";"Mulheres";"unidade";1.000,00;2.000,00;3.000,00;4.000,00;
2024;21;"1617";"1305";"0168";11182;"06RB";"Indígenas";"%";68,46;69,58;70,72;71,42;
2024;21;"1617";"1305";"0513";11193;"06S6";"Indígenas";"unidade";101,00;109,00;116,00;123,00;
2024;25;"1191";"1328";"0325";10182;"05EJ";"Mulheres";"unidade";7.500,00;15.000,00;22.500,00;37.500,00;
2024;25;"1191";"1328";"0328";10086;"05DL";"Mulheres";;6.905,00;8.526,00;9.990,00;10.948,00;
2024;25;"1191";"1328";"0328";10086;"05DL";"Povos e Comunidades Tradicionais";;12.084,00;14.920,00;17.483,00;19.160,00;
2024;25;"1191";"1328";"0330";10532;"05H6";"Mulheres";;23.400,00;29.280,00;35.160,00;42.192,00;
2024;25;"1617";"1305";"0168";11182;"06RB";"Indígenas";"%";68,46;69,58;70,72;71,42;
2024;25;"1617";"1305";"0513";11193;"06S6";"Indígenas";"unidade";101,00;109,00;116,00;123,00;
2024;25;"1617";"1305";"0514";11222;"06SA";"Indígenas";"unidade";15,00;30,00;45,00;60,00;
2024;25;"4006";"1338";"0478";11048;"05OI";"Homens";"unidade";3.150,00;6.500,00;9.750,00;21.000,00;
2024;25;"4006";"1338";"0478";11048;"05OI";"Indígenas";"unidade";189,00;390,00;585,00;1.260,00;
2024;25;"4006";"1338";"0478";11048;"05OI";"Jovem";"unidade";315,00;650,00;975,00;2.100,00;
2024;25;"4006";"1338";"0478";11048;"05OI";"Mulheres";"unidade";3.150,00;6.500,00;9.750,00;21.000,00;
2024;25;"4006";"1338";"0478";11048;"05OI";"Pessoa com Deficiência";"unidade";315,00;650,00;975,00;2.100,00;
2024;25;"4006";"1338";"0478";11048;"05OI";"Pessoa Idosa";"unidade";189,00;390,00;585,00;1.260,00;
2024;25;"4006";"1338";"0478";11048;"05OI";"População Negra";"unidade";3.150,00;6.500,00;9.750,00;21.000,00;
2024;25;"4006";"1338";"0478";11048;"05OI";"Povos e Comunidades Tradicionais";"unidade";390,00;390,00;585,00;1.260,00;
2024;25;"4006";"1338";"0478";11048;"05OI";"Quilombolas";"unidade";315,00;650,00;975,00;2.100,00;
2024;25;"5136";"1327";"0344";10144;"05E7";"Quilombolas";"unidade";12.000,00;16.000,00;30.000,00;42.000,00;
2024;27;"1189";"1319";"0539";11497;"06E7";"Jovem";"unidade";600,00;1.200,00;1.800,00;2.400,00;
2024;27;"1189";"1319";"0539";11497;"06E7";"Mulheres";"unidade";1.000,00;2.000,00;3.000,00;4.000,00;
2024;27;"1191";"1328";"0325";10182;"05EJ";"Mulheres";"unidade";7.500,00;15.000,00;22.500,00;37.500,00;
2024;27;"1191";"1328";"0328";10086;"05DL";"Mulheres";;6.905,00;8.526,00;9.990,00;10.948,00;
2024;27;"1191";"1328";"0328";10086;"05DL";"Povos e Comunidades Tradicionais";;12.084,00;14.920,00;17.483,00;19.160,00;
2024;27;"1191";"1328";"0330";10532;"05H6";"Mulheres";;23.400,00;29.280,00;35.160,00;42.192,00;
2024;27;"5136";"1327";"0344";10144;"05E7";"Quilombolas";"unidade";12.000,00;16.000,00;30.000,00;42.000,00;
2024;28;"1191";"1328";"0325";10182;"05EJ";"Mulheres";"unidade";7.500,00;15.000,00;22.500,00;37.500,00;
2024;28;"1191";"1328";"0328";10086;"05DL";"Mulheres";;6.905,00;8.526,00;9.990,00;10.948,00;
2024;28;"1191";"1328";"0328";10086;"05DL";"Povos e Comunidades Tradicionais";;12.084,00;14.920,00;17.483,00;19.160,00;
2024;28;"1191";"1328";"0330";10532;"05H6";"Mulheres";;23.400,00;29.280,00;35.160,00;42.192,00;
2024;28;"1617";"1305";"0168";11182;"06RB";"Indígenas";"%";68,46;69,58;70,72;71,42;
2024;28;"1617";"1305";"0513";11193;"06S6";"Indígenas";"unidade";101,00;109,00;116,00;123,00;
2024;28;"1617";"1305";"0514";11222;"06SA";"Indígenas";"unidade";15,00;30,00;45,00;60,00;
2024;28;"5136";"1327";"0344";10144;"05E7";"Quilombolas";"unidade";12.000,00;16.000,00;30.000,00;42.000,00;
2024;29;"1191";"1328";"0325";10182;"05EJ";"Mulheres";"unidade";7.500,00;15.000,00;22.500,00;37.500,00;
2024;30;"1189";"1319";"0539";11497;"06E7";"Jovem";"unidade";600,00;1.200,00;1.800,00;2.400,00;
2024;30;"1189";"1319";"0539";11497;"06E7";"Mulheres";"unidade";1.000,00;2.000,00;3.000,00;4.000,00;
2024;30;"1191";"1328";"0325";10182;"05EJ";"Mulheres";"unidade";7.500,00;15.000,00;22.500,00;37.500,00;
2024;30;"1191";"1328";"0328";10086;"05DL";"Mulheres";;6.905,00;8.526,00;9.990,00;10.948,00;
2024;30;"1191";"1328";"0328";10086;"05DL";"Povos e Comunidades Tradicionais";;12.084,00;14.920,00;17.483,00;19.160,00;
2024;30;"1191";"1328";"0330";10532;"05H6";"Mulheres";;23.400,00;29.280,00;35.160,00;42.192,00;
2024;30;"1617";"1305";"0514";11222;"06SA";"Indígenas";"unidade";15,00;30,00;45,00;60,00;
2024;30;"5136";"1327";"0344";10144;"05E7";"Quilombolas";"unidade";12.000,00;16.000,00;30.000,00;42.000,00;
2024;33;"4006";"1338";"0478";11048;"05OI";"Homens";"unidade";3.150,00;6.500,00;9.750,00;21.000,00;
2024;33;"4006";"1338";"0478";11048;"05OI";"Indígenas";"unidade";189,00;390,00;585,00;1.260,00;
2024;33;"4006";"1338";"0478";11048;"05OI";"Jovem";"unidade";315,00;650,00;975,00;2.100,00;
2024;33;"4006";"1338";"0478";11048;"05OI";"Mulheres";"unidade";3.150,00;6.500,00;9.750,00;21.000,00;
2024;33;"4006";"1338";"0478";11048;"05OI";"Pessoa com Deficiência";"unidade";315,00;650,00;975,00;2.100,00;
2024;33;"4006";"1338";"0478";11048;"05OI";"Pessoa Idosa";"unidade";189,00;390,00;585,00;1.260,00;
2024;33;"4006";"1338";"0478";11048;"05OI";"População Negra";"unidade";3.150,00;6.500,00;9.750,00;21.000,00;
2024;33;"4006";"1338";"0478";11048;"05OI";"Povos e Comunidades Tradicionais";"unidade";390,00;390,00;585,00;1.260,00;
2024;33;"4006";"1338";"0478";11048;"05OI";"Quilombolas";"unidade";315,00;650,00;975,00;2.100,00;
2024;34;"1191";"1328";"0325";10182;"05EJ";"Mulheres";"unidade";7.500,00;15.000,00;22.500,00;37.500,00;
2024;34;"1191";"1328";"0328";10086;"05DL";"Mulheres";;6.905,00;8.526,00;9.990,00;10.948,00;
2024;34;"1191";"1328";"0328";10086;"05DL";"Povos e Comunidades Tradicionais";;12.084,00;14.920,00;17.483,00;19.160,00;
2024;34;"1191";"1328";"0330";10532;"05H6";"Mulheres";;23.400,00;29.280,00;35.160,00;42.192,00;
2024;34;"1617";"1305";"0168";11182;"06RB";"Indígenas";"%";68,46;69,58;70,72;71,42;
2024;34;"1617";"1305";"0513";11193;"06S6";"Indígenas";"unidade";101,00;109,00;116,00;123,00;
2024;34;"1617";"1305";"0514";11222;"06SA";"Indígenas";"unidade";15,00;30,00;45,00;60,00;
2024;34;"4006";"1338";"0478";11048;"05OI";"Homens";"unidade";3.150,00;6.500,00;9.750,00;21.000,00;
2024;34;"4006";"1338";"0478";11048;"05OI";"Indígenas";"unidade";189,00;390,00;585,00;1.260,00;
2024;34;"4006";"1338";"0478";11048;"05OI";"Jovem";"unidade";315,00;650,00;975,00;2.100,00;
2024;34;"4006";"1338";"0478";11048;"05OI";"Mulheres";"unidade";3.150,00;6.500,00;9.750,00;21.000,00;
2024;34;"4006";"1338";"0478";11048;"05OI";"Pessoa com Deficiência";"unidade";315,00;650,00;975,00;2.100,00;
2024;34;"4006";"1338";"0478";11048;"05OI";"Pessoa Idosa";"unidade";189,00;390,00;585,00;1.260,00;
2024;34;"4006";"1338";"0478";11048;"05OI";"População Negra";"unidade";3.150,00;6.500,00;9.750,00;21.000,00;
2024;34;"4006";"1338";"0478";11048;"05OI";"Povos e Comunidades Tradicionais";"unidade";390,00;390,00;585,00;1.260,00;
2024;34;"4006";"1338";"0478";11048;"05OI";"Quilombolas";"unidade";315,00;650,00;975,00;2.100,00;
2024;34;"5136";"1327";"0344";10144;"05E7";"Quilombolas";"unidade";12.000,00;16.000,00;30.000,00;42.000,00;
2024;34;"5661";"1289";"0057";11623;"06U0";"Mulheres";"unidade";300,00;350,00;350,00;350,00;
2024;34;"5661";"1289";"0060";11628;"0742";"Jovem";"%";4,00;6,00;8,00;10,00;
2024;34;"5661";"1289";"0060";11628;"0742";"População Negra";"%";7,50;9,50;11,50;13,50;
2024;34;"5838";"1340";"0516";11284;"06SH";"Indígenas";"unidade";155,00;160,00;165,00;170,00;
2024;34;"5838";"1340";"0517";11460;"06UA";"Indígenas";"unidade";30,00;60,00;90,00;120,00;
2024;34;"5838";"1340";"0518";11645;"06ST";"Indígenas";"unidade";5,00;10,00;15,00;20,00;
2024;34;"5838";"1340";"0519";11306;"06UU";"Indígenas";"unidade";15,00;30,00;45,00;60,00;
2024;165;"1189";"1319";"0539";11497;"06E7";"Jovem";"unidade";600,00;1.200,00;1.800,00;2.400,00;
2024;165;"1189";"1319";"0539";11497;"06E7";"Mulheres";"unidade";1.000,00;2.000,00;3.000,00;4.000,00;
2024;165;"1617";"1305";"0168";11182;"06RB";"Indígenas";"%";68,46;69,58;70,72;71,42;
2024;165;"1617";"1305";"0513";11193;"06S6";"Indígenas";"unidade";101,00;109,00;116,00;123,00;
2024;165;"1617";"1305";"0514";11222;"06SA";"Indígenas";"unidade";15,00;30,00;45,00;60,00;
2024;166;"1189";"1319";"0539";11497;"06E7";"Jovem";"unidade";600,00;1.200,00;1.800,00;2.400,00;
2024;166;"1189";"1319";"0539";11497;"06E7";"Mulheres";"unidade";1.000,00;2.000,00;3.000,00;4.000,00;
2024;166;"1191";"1328";"0325";10182;"05EJ";"Mulheres";"unidade";7.500,00;15.000,00;22.500,00;37.500,00;
2024;166;"1191";"1328";"0328";10086;"05DL";"Mulheres";;6.905,00;8.526,00;9.990,00;10.948,00;
2024;166;"1191";"1328";"0328";10086;"05DL";"Povos e Comunidades Tradicionais";;12.084,00;14.920,00;17.483,00;19.160,00;
2024;166;"1191";"1328";"0330";10532;"05H6";"Mulheres";;23.400,00;29.280,00;35.160,00;42.192,00;
2024;166;"5838";"1340";"0516";11284;"06SH";"Indígenas";"unidade";155,00;160,00;165,00;170,00;
2024;166;"5838";"1340";"0517";11460;"06UA";"Indígenas";"unidade";30,00;60,00;90,00;120,00;
2024;166;"5838";"1340";"0518";11645;"06ST";"Indígenas";"unidade";5,00;10,00;15,00;20,00;
2024;166;"5838";"1340";"0519";11306;"06UU";"Indígenas";"unidade";15,00;30,00;45,00;60,00;
2024;40;"1189";"1319";"0539";11497;"06E7";"Jovem";"unidade";600,00;1.200,00;1.800,00;2.400,00;
2024;40;"1189";"1319";"0539";11497;"06E7";"Mulheres";"unidade";1.000,00;2.000,00;3.000,00;4.000,00;
2024;41;"1189";"1319";"0539";11497;"06E7";"Jovem";"unidade";600,00;1.200,00;1.800,00;2.400,00;
2024;41;"1189";"1319";"0539";11497;"06E7";"Mulheres";"unidade";1.000,00;2.000,00;3.000,00;4.000,00;
2024;42;"1189";"1319";"0539";11497;"06E7";"Jovem";"unidade";600,00;1.200,00;1.800,00;2.400,00;
2024;42;"1189";"1319";"0539";11497;"06E7";"Mulheres";"unidade";1.000,00;2.000,00;3.000,00;4.000,00;
2024;170;"1189";"1319";"0539";11497;"06E7";"Jovem";"unidade";600,00;1.200,00;1.800,00;2.400,00;
2024;170;"1189";"1319";"0539";11497;"06E7";"Mulheres";"unidade";1.000,00;2.000,00;3.000,00;4.000,00;
2024;43;"1617";"1305";"0168";11182;"06RB";"Indígenas";"%";68,46;69,58;70,72;71,42;
2024;43;"1617";"1305";"0513";11193;"06S6";"Indígenas";"unidade";101,00;109,00;116,00;123,00;
2024;43;"5662";"1268";"0026";11374;"06PI";"Mulheres";"unidade";44,00;43,00;45,00;45,00;
2024;43;"5662";"1268";"0026";11374;"06PI";"População Negra";"unidade";26,00;25,00;26,00;18,00;
2024;45;"1617";"1305";"0513";11193;"06S6";"Indígenas";"unidade";101,00;109,00;116,00;123,00;
2024;45;"5816";"1313";"0191";9864;"06I4";"LGBTQIA+";;4,00;2,00;1,00;7,00;
2024;45;"5816";"1313";"0191";9864;"06I4";"Povos e Comunidades Tradicionais";;2,00;1,00;1,00;4,00;
2024;45;"5816";"1313";"0191";9864;"06I4";"Quilombolas";;2,00;1,00;1,00;4,00;
2024;45;"5838";"1340";"0518";11645;"06ST";"Indígenas";"unidade";5,00;10,00;15,00;20,00;
2024;173;"5838";"1340";"0518";11645;"06ST";"Indígenas";"unidade";5,00;10,00;15,00;20,00;
2024;46;"1617";"1305";"0168";11182;"06RB";"Indígenas";"%";68,46;69,58;70,72;71,42;
2024;46;"5816";"1313";"0191";9864;"06I4";"LGBTQIA+";;4,00;2,00;1,00;7,00;
2024;46;"5816";"1313";"0191";9864;"06I4";"Povos e Comunidades Tradicionais";;2,00;1,00;1,00;4,00;
2024;46;"5816";"1313";"0191";9864;"06I4";"Quilombolas";;2,00;1,00;1,00;4,00;
2024;174;"5662";"1268";"0026";11374;"06PI";"Mulheres";"unidade";44,00;43,00;45,00;45,00;
2024;174;"5662";"1268";"0026";11374;"06PI";"População Negra";"unidade";26,00;25,00;26,00;18,00;
2024;47;"1617";"1305";"0513";11193;"06S6";"Indígenas";"unidade";101,00;109,00;116,00;123,00;
2024;175;"5126";"1337";"0431";10456;"06P9";"Mulheres";"pessoas/ano";60.000,00;60.000,00;60.000,00;60.000,00;
2024;175;"5126";"1337";"0455";10609;"06MT";"Pessoa com Deficiência";;4.000,00;4.000,00;4.000,00;8.000,00;
2024;175;"5838";"1340";"0516";11284;"06SH";"Indígenas";"unidade";155,00;160,00;165,00;170,00;
2024;175;"5838";"1340";"0517";11460;"06UA";"Indígenas";"unidade";30,00;60,00;90,00;120,00;
2024;175;"5838";"1340";"0518";11645;"06ST";"Indígenas";"unidade";5,00;10,00;15,00;20,00;
2024;175;"5838";"1340";"0519";11306;"06UU";"Indígenas";"unidade";15,00;30,00;45,00;60,00;
2024;49;"5838";"1340";"0517";11460;"06UA";"Indígenas";"unidade";30,00;60,00;90,00;120,00;
2024;49;"5838";"1340";"0518";11645;"06ST";"Indígenas";"unidade";5,00;10,00;15,00;20,00;
2024;50;"5661";"1289";"0057";11623;"06U0";"Mulheres";"unidade";300,00;350,00;350,00;350,00;
2024;50;"5661";"1289";"0060";11628;"0742";"Jovem";"%";4,00;6,00;8,00;10,00;
2024;50;"5661";"1289";"0060";11628;"0742";"População Negra";"%";7,50;9,50;11,50;13,50;
2024;50;"5838";"1340";"0517";11460;"06UA";"Indígenas";"unidade";30,00;60,00;90,00;120,00;
2024;53;"1617";"1305";"0168";11182;"06RB";"Indígenas";"%";68,46;69,58;70,72;71,42;
2024;53;"1617";"1305";"0513";11193;"06S6";"Indígenas";"unidade";101,00;109,00;116,00;123,00;
2024;53;"1617";"1305";"0514";11222;"06SA";"Indígenas";"unidade";15,00;30,00;45,00;60,00;
2024;53;"4006";"1338";"0478";11048;"05OI";"Homens";"unidade";3.150,00;6.500,00;9.750,00;21.000,00;
2024;53;"4006";"1338";"0478";11048;"05OI";"Indígenas";"unidade";189,00;390,00;585,00;1.260,00;
2024;53;"4006";"1338";"0478";11048;"05OI";"Jovem";"unidade";315,00;650,00;975,00;2.100,00;
2024;53;"4006";"1338";"0478";11048;"05OI";"Mulheres";"unidade";3.150,00;6.500,00;9.750,00;21.000,00;
2024;53;"4006";"1338";"0478";11048;"05OI";"Pessoa com Deficiência";"unidade";315,00;650,00;975,00;2.100,00;
2024;53;"4006";"1338";"0478";11048;"05OI";"Pessoa Idosa";"unidade";189,00;390,00;585,00;1.260,00;
2024;53;"4006";"1338";"0478";11048;"05OI";"População Negra";"unidade";3.150,00;6.500,00;9.750,00;21.000,00;
2024;53;"4006";"1338";"0478";11048;"05OI";"Povos e Comunidades Tradicionais";"unidade";390,00;390,00;585,00;1.260,00;
2024;53;"4006";"1338";"0478";11048;"05OI";"Quilombolas";"unidade";315,00;650,00;975,00;2.100,00;
2024;53;"5126";"1337";"0434";10495;"06QV";"Homens";;22.500,00;22.500,00;22.500,00;22.500,00;
2024;53;"5126";"1337";"0434";10495;"06QV";"Mulheres";;22.500,00;22.500,00;22.500,00;22.500,00;
2024;53;"5126";"1337";"0459";10650;"06QE";"Homens";"pessoas/ano";7.236,00;7.839,00;8.505,00;9.102,00;
2024;53;"5126";"1337";"0459";10650;"06QE";"Mulheres";"pessoas/ano";7.236,00;7.839,00;8.505,00;9.102,00;
2024;53;"5816";"1313";"0191";9864;"06I4";"LGBTQIA+";;4,00;2,00;1,00;7,00;
2024;53;"5816";"1313";"0191";9864;"06I4";"Povos e Comunidades Tradicionais";;2,00;1,00;1,00;4,00;
2024;53;"5816";"1313";"0191";9864;"06I4";"Quilombolas";;2,00;1,00;1,00;4,00;
2024;53;"5838";"1340";"0517";11460;"06UA";"Indígenas";"unidade";30,00;60,00;90,00;120,00;
2024;53;"5838";"1340";"0518";11645;"06ST";"Indígenas";"unidade";5,00;10,00;15,00;20,00;
2024;58;"1617";"1305";"0168";11182;"06RB";"Indígenas";"%";68,46;69,58;70,72;71,42;
2024;58;"1617";"1305";"0513";11193;"06S6";"Indígenas";"unidade";101,00;109,00;116,00;123,00;
2024;58;"1617";"1305";"0514";11222;"06SA";"Indígenas";"unidade";15,00;30,00;45,00;60,00;
2024;58;"5838";"1340";"0516";11284;"06SH";"Indígenas";"unidade";155,00;160,00;165,00;170,00;
2024;58;"5838";"1340";"0517";11460;"06UA";"Indígenas";"unidade";30,00;60,00;90,00;120,00;
2024;58;"5838";"1340";"0518";11645;"06ST";"Indígenas";"unidade";5,00;10,00;15,00;20,00;
2024;58;"5838";"1340";"0519";11306;"06UU";"Indígenas";"unidade";15,00;30,00;45,00;60,00;
2024;63;"1189";"1319";"0539";11497;"06E7";"Jovem";"unidade";600,00;1.200,00;1.800,00;2.400,00;
2024;63;"1189";"1319";"0539";11497;"06E7";"Mulheres";"unidade";1.000,00;2.000,00;3.000,00;4.000,00;
2024;193;"5126";"1337";"0455";10609;"06MT";"Pessoa com Deficiência";;4.000,00;4.000,00;4.000,00;8.000,00;
2024;193;"5838";"1340";"0518";11645;"06ST";"Indígenas";"unidade";5,00;10,00;15,00;20,00;
2024;194;"5113";"1329";"0352";9693;"06GT";"População Negra";"%";31,80;33,40;35,10;36,90;
2024;194;"5126";"1337";"0459";10650;"06QE";"Homens";"pessoas/ano";7.236,00;7.839,00;8.505,00;9.102,00;
2024;194;"5126";"1337";"0459";10650;"06QE";"Mulheres";"pessoas/ano";7.236,00;7.839,00;8.505,00;9.102,00;
2024;194;"5816";"1313";"0191";9864;"06I4";"LGBTQIA+";;4,00;2,00;1,00;7,00;
2024;194;"5816";"1313";"0191";9864;"06I4";"Povos e Comunidades Tradicionais";;2,00;1,00;1,00;4,00;
2024;194;"5816";"1313";"0191";9864;"06I4";"Quilombolas";;2,00;1,00;1,00;4,00;
2024;194;"5838";"1340";"0518";11645;"06ST";"Indígenas";"unidade";5,00;10,00;15,00;20,00;
2024;195;"5838";"1340";"0518";11645;"06ST";"Indígenas";"unidade";5,00;10,00;15,00;20,00;
2024;198;"1617";"1305";"0168";11182;"06RB";"Indígenas";"%";68,46;69,58;70,72;71,42;
2024;198;"1617";"1305";"0513";11193;"06S6";"Indígenas";"unidade";101,00;109,00;116,00;123,00;
2024;198;"5136";"1327";"0344";10144;"05E7";"Quilombolas";"unidade";12.000,00;16.000,00;30.000,00;42.000,00;
2024;201;"1189";"1319";"0539";11497;"06E7";"Jovem";"unidade";600,00;1.200,00;1.800,00;2.400,00;
2024;201;"1189";"1319";"0539";11497;"06E7";"Mulheres";"unidade";1.000,00;2.000,00;3.000,00;4.000,00;
2024;201;"1191";"1328";"0325";10182;"05EJ";"Mulheres";"unidade";7.500,00;15.000,00;22.500,00;37.500,00;
2024;201;"1191";"1328";"0328";10086;"05DL";"Mulheres";;6.905,00;8.526,00;9.990,00;10.948,00;
2024;201;"1191";"1328";"0328";10086;"05DL";"Povos e Comunidades Tradicionais";;12.084,00;14.920,00;17.483,00;19.160,00;
2024;201;"1191";"1328";"0330";10532;"05H6";"Mulheres";;23.400,00;29.280,00;35.160,00;42.192,00;
2024;201;"1617";"1305";"0514";11222;"06SA";"Indígenas";"unidade";15,00;30,00;45,00;60,00;
2024;205;"5816";"1313";"0191";9864;"06I4";"LGBTQIA+";;4,00;2,00;1,00;7,00;
2024;205;"5816";"1313";"0191";9864;"06I4";"Povos e Comunidades Tradicionais";;2,00;1,00;1,00;4,00;
2024;205;"5816";"1313";"0191";9864;"06I4";"Quilombolas";;2,00;1,00;1,00;4,00;
2024;77;"5838";"1340";"0519";11306;"06UU";"Indígenas";"unidade";15,00;30,00;45,00;60,00;
2024;78;"5838";"1340";"0519";11306;"06UU";"Indígenas";"unidade";15,00;30,00;45,00;60,00;
2024;79;"5113";"1329";"0352";9693;"06GT";"População Negra";"%";31,80;33,40;35,10;36,90;
2024;79;"5126";"1337";"0455";10609;"06MT";"Pessoa com Deficiência";;4.000,00;4.000,00;4.000,00;8.000,00;
2024;79;"5838";"1340";"0519";11306;"06UU";"Indígenas";"unidade";15,00;30,00;45,00;60,00;
2024;80;"4006";"1338";"0478";11048;"05OI";"Homens";"unidade";3.150,00;6.500,00;9.750,00;21.000,00;
2024;80;"4006";"1338";"0478";11048;"05OI";"Indígenas";"unidade";189,00;390,00;585,00;1.260,00;
2024;80;"4006";"1338";"0478";11048;"05OI";"Jovem";"unidade";315,00;650,00;975,00;2.100,00;
2024;80;"4006";"1338";"0478";11048;"05OI";"Mulheres";"unidade";3.150,00;6.500,00;9.750,00;21.000,00;
2024;80;"4006";"1338";"0478";11048;"05OI";"Pessoa com Deficiência";"unidade";315,00;650,00;975,00;2.100,00;
2024;80;"4006";"1338";"0478";11048;"05OI";"Pessoa Idosa";"unidade";189,00;390,00;585,00;1.260,00;
2024;80;"4006";"1338";"0478";11048;"05OI";"População Negra";"unidade";3.150,00;6.500,00;9.750,00;21.000,00;
2024;80;"4006";"1338";"0478";11048;"05OI";"Povos e Comunidades Tradicionais";"unidade";390,00;390,00;585,00;1.260,00;
2024;80;"4006";"1338";"0478";11048;"05OI";"Quilombolas";"unidade";315,00;650,00;975,00;2.100,00;
2024;80;"5126";"1337";"0455";10609;"06MT";"Pessoa com Deficiência";;4.000,00;4.000,00;4.000,00;8.000,00;
2024;80;"5838";"1340";"0519";11306;"06UU";"Indígenas";"unidade";15,00;30,00;45,00;60,00;
2024;81;"4006";"1338";"0478";11048;"05OI";"Homens";"unidade";3.150,00;6.500,00;9.750,00;21.000,00;
2024;81;"4006";"1338";"0478";11048;"05OI";"Indígenas";"unidade";189,00;390,00;585,00;1.260,00;
2024;81;"4006";"1338";"0478";11048;"05OI";"Jovem";"unidade";315,00;650,00;975,00;2.100,00;
2024;81;"4006";"1338";"0478";11048;"05OI";"Mulheres";"unidade";3.150,00;6.500,00;9.750,00;21.000,00;
2024;81;"4006";"1338";"0478";11048;"05OI";"Pessoa com Deficiência";"unidade";315,00;650,00;975,00;2.100,00;
2024;81;"4006";"1338";"0478";11048;"05OI";"Pessoa Idosa";"unidade";189,00;390,00;585,00;1.260,00;
2024;81;"4006";"1338";"0478";11048;"05OI";"População Negra";"unidade";3.150,00;6.500,00;9.750,00;21.000,00;
2024;81;"4006";"1338";"0478";11048;"05OI";"Povos e Comunidades Tradicionais";"unidade";390,00;390,00;585,00;1.260,00;
2024;81;"4006";"1338";"0478";11048;"05OI";"Quilombolas";"unidade";315,00;650,00;975,00;2.100,00;
2024;81;"5838";"1340";"0519";11306;"06UU";"Indígenas";"unidade";15,00;30,00;45,00;60,00;
2024;211;"5662";"1268";"0026";11374;"06PI";"Mulheres";"unidade";44,00;43,00;45,00;45,00;
2024;211;"5662";"1268";"0026";11374;"06PI";"População Negra";"unidade";26,00;25,00;26,00;18,00;
2024;211;"5816";"1313";"0191";9864;"06I4";"LGBTQIA+";;4,00;2,00;1,00;7,00;
2024;211;"5816";"1313";"0191";9864;"06I4";"Povos e Comunidades Tradicionais";;2,00;1,00;1,00;4,00;
2024;211;"5816";"1313";"0191";9864;"06I4";"Quilombolas";;2,00;1,00;1,00;4,00;
2024;83;"5126";"1337";"0455";10609;"06MT";"Pessoa com Deficiência";;4.000,00;4.000,00;4.000,00;8.000,00;
2024;83;"5838";"1340";"0519";11306;"06UU";"Indígenas";"unidade";15,00;30,00;45,00;60,00;
2024;212;"4006";"1338";"0478";11048;"05OI";"Homens";"unidade";3.150,00;6.500,00;9.750,00;21.000,00;
2024;212;"4006";"1338";"0478";11048;"05OI";"Indígenas";"unidade";189,00;390,00;585,00;1.260,00;
2024;212;"4006";"1338";"0478";11048;"05OI";"Jovem";"unidade";315,00;650,00;975,00;2.100,00;
2024;212;"4006";"1338";"0478";11048;"05OI";"Mulheres";"unidade";3.150,00;6.500,00;9.750,00;21.000,00;
2024;212;"4006";"1338";"0478";11048;"05OI";"Pessoa com Deficiência";"unidade";315,00;650,00;975,00;2.100,00;
2024;212;"4006";"1338";"0478";11048;"05OI";"Pessoa Idosa";"unidade";189,00;390,00;585,00;1.260,00;
2024;212;"4006";"1338";"0478";11048;"05OI";"População Negra";"unidade";3.150,00;6.500,00;9.750,00;21.000,00;
2024;212;"4006";"1338";"0478";11048;"05OI";"Povos e Comunidades Tradicionais";"unidade";390,00;390,00;585,00;1.260,00;
2024;212;"4006";"1338";"0478";11048;"05OI";"Quilombolas";"unidade";315,00;650,00;975,00;2.100,00;
2024;212;"5113";"1329";"0352";9693;"06GT";"População Negra";"%";31,80;33,40;35,10;36,90;
2024;212;"5126";"1337";"0459";10650;"06QE";"Homens";"pessoas/ano";7.236,00;7.839,00;8.505,00;9.102,00;
2024;212;"5126";"1337";"0459";10650;"06QE";"Mulheres";"pessoas/ano";7.236,00;7.839,00;8.505,00;9.102,00;
2024;84;"5126";"1337";"0455";10609;"06MT";"Pessoa com Deficiência";;4.000,00;4.000,00;4.000,00;8.000,00;
2024;84;"5816";"1313";"0191";9864;"06I4";"LGBTQIA+";;4,00;2,00;1,00;7,00;
2024;84;"5816";"1313";"0191";9864;"06I4";"Povos e Comunidades Tradicionais";;2,00;1,00;1,00;4,00;
2024;84;"5816";"1313";"0191";9864;"06I4";"Quilombolas";;2,00;1,00;1,00;4,00;
2024;84;"5838";"1340";"0517";11460;"06UA";"Indígenas";"unidade";30,00;60,00;90,00;120,00;
2024;84;"5838";"1340";"0519";11306;"06UU";"Indígenas";"unidade";15,00;30,00;45,00;60,00;
2024;213;"5661";"1289";"0060";11628;"0742";"Jovem";"%";4,00;6,00;8,00;10,00;
2024;213;"5661";"1289";"0060";11628;"0742";"População Negra";"%";7,50;9,50;11,50;13,50;
2024;214;"1189";"1319";"0539";11497;"06E7";"Jovem";"unidade";600,00;1.200,00;1.800,00;2.400,00;
2024;214;"1189";"1319";"0539";11497;"06E7";"Mulheres";"unidade";1.000,00;2.000,00;3.000,00;4.000,00;
2024;214;"1191";"1328";"0328";10086;"05DL";"Mulheres";;6.905,00;8.526,00;9.990,00;10.948,00;
2024;214;"1191";"1328";"0328";10086;"05DL";"Povos e Comunidades Tradicionais";;12.084,00;14.920,00;17.483,00;19.160,00;
2024;86;"1617";"1305";"0513";11193;"06S6";"Indígenas";"unidade";101,00;109,00;116,00;123,00;
2024;86;"5662";"1268";"0026";11374;"06PI";"Mulheres";"unidade";44,00;43,00;45,00;45,00;
2024;86;"5662";"1268";"0026";11374;"06PI";"População Negra";"unidade";26,00;25,00;26,00;18,00;
2024;86;"5838";"1340";"0518";11645;"06ST";"Indígenas";"unidade";5,00;10,00;15,00;20,00;
2024;87;"4006";"1338";"0478";11048;"05OI";"Homens";"unidade";3.150,00;6.500,00;9.750,00;21.000,00;
2024;87;"4006";"1338";"0478";11048;"05OI";"Indígenas";"unidade";189,00;390,00;585,00;1.260,00;
2024;87;"4006";"1338";"0478";11048;"05OI";"Jovem";"unidade";315,00;650,00;975,00;2.100,00;
2024;87;"4006";"1338";"0478";11048;"05OI";"Mulheres";"unidade";3.150,00;6.500,00;9.750,00;21.000,00;
2024;87;"4006";"1338";"0478";11048;"05OI";"Pessoa com Deficiência";"unidade";315,00;650,00;975,00;2.100,00;
2024;87;"4006";"1338";"0478";11048;"05OI";"Pessoa Idosa";"unidade";189,00;390,00;585,00;1.260,00;
2024;87;"4006";"1338";"0478";11048;"05OI";"População Negra";"unidade";3.150,00;6.500,00;9.750,00;21.000,00;
2024;87;"4006";"1338";"0478";11048;"05OI";"Povos e Comunidades Tradicionais";"unidade";390,00;390,00;585,00;1.260,00;
2024;87;"4006";"1338";"0478";11048;"05OI";"Quilombolas";"unidade";315,00;650,00;975,00;2.100,00;
2024;87;"5126";"1337";"0431";10456;"06P9";"Mulheres";"pessoas/ano";60.000,00;60.000,00;60.000,00;60.000,00;
2024;87;"5126";"1337";"0459";10650;"06QE";"Homens";"pessoas/ano";7.236,00;7.839,00;8.505,00;9.102,00;
2024;87;"5126";"1337";"0459";10650;"06QE";"Mulheres";"pessoas/ano";7.236,00;7.839,00;8.505,00;9.102,00;
2024;87;"5661";"1289";"0057";11623;"06U0";"Mulheres";"unidade";300,00;350,00;350,00;350,00;
2024;87;"5661";"1289";"0060";11628;"0742";"Jovem";"%";4,00;6,00;8,00;10,00;
2024;87;"5661";"1289";"0060";11628;"0742";"População Negra";"%";7,50;9,50;11,50;13,50;
2024;87;"5838";"1340";"0517";11460;"06UA";"Indígenas";"unidade";30,00;60,00;90,00;120,00;
2024;88;"5838";"1340";"0518";11645;"06ST";"Indígenas";"unidade";5,00;10,00;15,00;20,00;
2024;217;"5662";"1268";"0026";11374;"06PI";"Mulheres";"unidade";44,00;43,00;45,00;45,00;
2024;217;"5662";"1268";"0026";11374;"06PI";"População Negra";"unidade";26,00;25,00;26,00;18,00;
2024;217;"5838";"1340";"0518";11645;"06ST";"Indígenas";"unidade";5,00;10,00;15,00;20,00;
2024;89;"1189";"1319";"0539";11497;"06E7";"Jovem";"unidade";600,00;1.200,00;1.800,00;2.400,00;
2024;89;"1189";"1319";"0539";11497;"06E7";"Mulheres";"unidade";1.000,00;2.000,00;3.000,00;4.000,00;
2024;89;"5661";"1289";"0057";11623;"06U0";"Mulheres";"unidade";300,00;350,00;350,00;350,00;
2024;89;"5661";"1289";"0060";11628;"0742";"Jovem";"%";4,00;6,00;8,00;10,00;
2024;89;"5661";"1289";"0060";11628;"0742";"População Negra";"%";7,50;9,50;11,50;13,50;
2024;89;"5838";"1340";"0517";11460;"06UA";"Indígenas";"unidade";30,00;60,00;90,00;120,00;
2024;218;"1189";"1319";"0539";11497;"06E7";"Jovem";"unidade";600,00;1.200,00;1.800,00;2.400,00;
2024;218;"1189";"1319";"0539";11497;"06E7";"Mulheres";"unidade";1.000,00;2.000,00;3.000,00;4.000,00;
2024;218;"1191";"1328";"0325";10182;"05EJ";"Mulheres";"unidade";7.500,00;15.000,00;22.500,00;37.500,00;
2024;218;"1191";"1328";"0328";10086;"05DL";"Mulheres";;6.905,00;8.526,00;9.990,00;10.948,00;
2024;218;"1191";"1328";"0328";10086;"05DL";"Povos e Comunidades Tradicionais";;12.084,00;14.920,00;17.483,00;19.160,00;
2024;218;"1191";"1328";"0330";10532;"05H6";"Mulheres";;23.400,00;29.280,00;35.160,00;42.192,00;
2024;218;"4006";"1338";"0478";11048;"05OI";"Homens";"unidade";3.150,00;6.500,00;9.750,00;21.000,00;
2024;218;"4006";"1338";"0478";11048;"05OI";"Indígenas";"unidade";189,00;390,00;585,00;1.260,00;
2024;218;"4006";"1338";"0478";11048;"05OI";"Jovem";"unidade";315,00;650,00;975,00;2.100,00;
2024;218;"4006";"1338";"0478";11048;"05OI";"Mulheres";"unidade";3.150,00;6.500,00;9.750,00;21.000,00;
2024;218;"4006";"1338";"0478";11048;"05OI";"Pessoa com Deficiência";"unidade";315,00;650,00;975,00;2.100,00;
2024;218;"4006";"1338";"0478";11048;"05OI";"Pessoa Idosa";"unidade";189,00;390,00;585,00;1.260,00;
2024;218;"4006";"1338";"0478";11048;"05OI";"População Negra";"unidade";3.150,00;6.500,00;9.750,00;21.000,00;
2024;218;"4006";"1338";"0478";11048;"05OI";"Povos e Comunidades Tradicionais";"unidade";390,00;390,00;585,00;1.260,00;
2024;218;"4006";"1338";"0478";11048;"05OI";"Quilombolas";"unidade";315,00;650,00;975,00;2.100,00;
2024;219;"5661";"1289";"0057";11623;"06U0";"Mulheres";"unidade";300,00;350,00;350,00;350,00;
2024;219;"5661";"1289";"0060";11628;"0742";"Jovem";"%";4,00;6,00;8,00;10,00;
2024;219;"5661";"1289";"0060";11628;"0742";"População Negra";"%";7,50;9,50;11,50;13,50;
2024;219;"5838";"1340";"0517";11460;"06UA";"Indígenas";"unidade";30,00;60,00;90,00;120,00;
2024;222;"1617";"1305";"0168";11182;"06RB";"Indígenas";"%";68,46;69,58;70,72;71,42;
2024;223;"1617";"1305";"0513";11193;"06S6";"Indígenas";"unidade";101,00;109,00;116,00;123,00;
2024;223;"1617";"1305";"0514";11222;"06SA";"Indígenas";"unidade";15,00;30,00;45,00;60,00;
2024;224;"5838";"1340";"0516";11284;"06SH";"Indígenas";"unidade";155,00;160,00;165,00;170,00;
2024;224;"5838";"1340";"0519";11306;"06UU";"Indígenas";"unidade";15,00;30,00;45,00;60,00;
2024;226;"1189";"1319";"0539";11497;"06E7";"Jovem";"unidade";600,00;1.200,00;1.800,00;2.400,00;
2024;226;"1189";"1319";"0539";11497;"06E7";"Mulheres";"unidade";1.000,00;2.000,00;3.000,00;4.000,00;
2024;226;"1191";"1328";"0328";10086;"05DL";"Mulheres";;6.905,00;8.526,00;9.990,00;10.948,00;
2024;226;"1191";"1328";"0328";10086;"05DL";"Povos e Comunidades Tradicionais";;12.084,00;14.920,00;17.483,00;19.160,00;
2024;227;"5838";"1340";"0517";11460;"06UA";"Indígenas";"unidade";30,00;60,00;90,00;120,00;
2024;227;"5838";"1340";"0518";11645;"06ST";"Indígenas";"unidade";5,00;10,00;15,00;20,00;
2024;229;"5838";"1340";"0518";11645;"06ST";"Indígenas";"unidade";5,00;10,00;15,00;20,00;
2024;230;"5136";"1327";"0344";10144;"05E7";"Quilombolas";"unidade";12.000,00;16.000,00;30.000,00;42.000,00;
2024;103;"4006";"1338";"0478";11048;"05OI";"Homens";"unidade";3.150,00;6.500,00;9.750,00;21.000,00;
2024;103;"4006";"1338";"0478";11048;"05OI";"Indígenas";"unidade";189,00;390,00;585,00;1.260,00;
2024;103;"4006";"1338";"0478";11048;"05OI";"Jovem";"unidade";315,00;650,00;975,00;2.100,00;
2024;103;"4006";"1338";"0478";11048;"05OI";"Mulheres";"unidade";3.150,00;6.500,00;9.750,00;21.000,00;
2024;103;"4006";"1338";"0478";11048;"05OI";"Pessoa com Deficiência";"unidade";315,00;650,00;975,00;2.100,00;
2024;103;"4006";"1338";"0478";11048;"05OI";"Pessoa Idosa";"unidade";189,00;390,00;585,00;1.260,00;
2024;103;"4006";"1338";"0478";11048;"05OI";"População Negra";"unidade";3.150,00;6.500,00;9.750,00;21.000,00;
2024;103;"4006";"1338";"0478";11048;"05OI";"Povos e Comunidades Tradicionais";"unidade";390,00;390,00;585,00;1.260,00;
2024;103;"4006";"1338";"0478";11048;"05OI";"Quilombolas";"unidade";315,00;650,00;975,00;2.100,00;
2024;233;"5126";"1337";"0431";10456;"06P9";"Mulheres";"pessoas/ano";60.000,00;60.000,00;60.000,00;60.000,00;
2024;233;"5126";"1337";"0434";10495;"06QV";"Mulheres";;22.500,00;22.500,00;22.500,00;22.500,00;
2024;233;"5126";"1337";"0459";10650;"06QE";"Homens";"pessoas/ano";7.236,00;7.839,00;8.505,00;9.102,00;
2024;233;"5126";"1337";"0459";10650;"06QE";"Mulheres";"pessoas/ano";7.236,00;7.839,00;8.505,00;9.102,00;
2024;106;"5113";"1329";"0352";9693;"06GT";"População Negra";"%";31,80;33,40;35,10;36,90;
2024;118;"1191";"1328";"0328";10086;"05DL";"Mulheres";;6.905,00;8.526,00;9.990,00;10.948,00;
2024;118;"1191";"1328";"0328";10086;"05DL";"Povos e Comunidades Tradicionais";;12.084,00;14.920,00;17.483,00;19.160,00;
2024;118;"1191";"1328";"0330";10532;"05H6";"Mulheres";;23.400,00;29.280,00;35.160,00;42.192,00;
2024;118;"5136";"1327";"0344";10144;"05E7";"Quilombolas";"unidade";12.000,00;16.000,00;30.000,00;42.000,00;
2024;119;"1189";"1319";"0539";11497;"06E7";"Jovem";"unidade";600,00;1.200,00;1.800,00;2.400,00;
2024;119;"1189";"1319";"0539";11497;"06E7";"Mulheres";"unidade";1.000,00;2.000,00;3.000,00;4.000,00;
2024;120;"1191";"1328";"0328";10086;"05DL";"Mulheres";;6.905,00;8.526,00;9.990,00;10.948,00;
2024;120;"1191";"1328";"0328";10086;"05DL";"Povos e Comunidades Tradicionais";;12.084,00;14.920,00;17.483,00;19.160,00;
2024;120;"1617";"1305";"0514";11222;"06SA";"Indígenas";"unidade";15,00;30,00;45,00;60,00;
2024;128;"5126";"1337";"0431";10456;"06P9";"Mulheres";"pessoas/ano";60.000,00;60.000,00;60.000,00;60.000,00;
2024;128;"5126";"1337";"0434";10495;"06QV";"Homens";;22.500,00;22.500,00;22.500,00;22.500,00;
2024;128;"5126";"1337";"0434";10495;"06QV";"Mulheres";;22.500,00;22.500,00;22.500,00;22.500,00;
2024;128;"5126";"1337";"0459";10650;"06QE";"Homens";"pessoas/ano";7.236,00;7.839,00;8.505,00;9.102,00;
2024;128;"5126";"1337";"0459";10650;"06QE";"Mulheres";"pessoas/ano";7.236,00;7.839,00;8.505,00;9.102,00;
2024;128;"5136";"1327";"0344";10144;"05E7";"Quilombolas";"unidade";12.000,00;16.000,00;30.000,00;42.000,00;
2024;128;"5662";"1268";"0026";11374;"06PI";"Mulheres";"unidade";44,00;43,00;45,00;45,00;
2024;128;"5662";"1268";"0026";11374;"06PI";"População Negra";"unidade";26,00;25,00;26,00;18,00;
2024;128;"5816";"1313";"0191";9864;"06I4";"LGBTQIA+";;4,00;2,00;1,00;7,00;
2024;128;"5816";"1313";"0191";9864;"06I4";"Povos e Comunidades Tradicionais";;2,00;1,00;1,00;4,00;
2024;128;"5816";"1313";"0191";9864;"06I4";"Quilombolas";;2,00;1,00;1,00;4,00;
2024;128;"5838";"1340";"0518";11645;"06ST";"Indígenas";"unidade";5,00;10,00;15,00;20,00;
2024;130;"5838";"1340";"0517";11460;"06UA";"Indígenas";"unidade";30,00;60,00;90,00;120,00;
2024;130;"5838";"1340";"0518";11645;"06ST";"Indígenas";"unidade";5,00;10,00;15,00;20,00;
2024;3;"1191";"1328";"0328";10086;"05DL";"Povos e Comunidades Tradicionais";;12.084,00;14.920,00;17.483,00;19.160,00;
2024;3;"1617";"1305";"0168";11182;"06RB";"Indígenas";"%";68,46;69,58;70,72;71,42;
2024;3;"1617";"1305";"0513";11193;"06S6";"Indígenas";"unidade";101,00;109,00;116,00;123,00;
2024;3;"1617";"1305";"0514";11222;"06SA";"Indígenas";"unidade";15,00;30,00;45,00;60,00;
2024;3;"5838";"1340";"0516";11284;"06SH";"Indígenas";"unidade";155,00;160,00;165,00;170,00;
2024;3;"5838";"1340";"0517";11460;"06UA";"Indígenas";"unidade";30,00;60,00;90,00;120,00;
2024;3;"5838";"1340";"0518";11645;"06ST";"Indígenas";"unidade";5,00;10,00;15,00;20,00;
2024;3;"5838";"1340";"0519";11306;"06UU";"Indígenas";"unidade";15,00;30,00;45,00;60,00;
2024;132;"1189";"1319";"0539";11497;"06E7";"Jovem";"unidade";600,00;1.200,00;1.800,00;2.400,00;
2024;132;"1189";"1319";"0539";11497;"06E7";"Mulheres";"unidade";1.000,00;2.000,00;3.000,00;4.000,00;
2024;132;"5126";"1337";"0431";10456;"06P9";"Mulheres";"pessoas/ano";60.000,00;60.000,00;60.000,00;60.000,00;
2024;132;"5126";"1337";"0434";10495;"06QV";"Homens";;22.500,00;22.500,00;22.500,00;22.500,00;
2024;132;"5126";"1337";"0434";10495;"06QV";"Mulheres";;22.500,00;22.500,00;22.500,00;22.500,00;
2024;132;"5126";"1337";"0459";10650;"06QE";"Homens";"pessoas/ano";7.236,00;7.839,00;8.505,00;9.102,00;
2024;132;"5126";"1337";"0459";10650;"06QE";"Mulheres";"pessoas/ano";7.236,00;7.839,00;8.505,00;9.102,00;
2024;132;"5661";"1289";"0057";11623;"06U0";"Mulheres";"unidade";300,00;350,00;350,00;350,00;
2024;132;"5661";"1289";"0060";11628;"0742";"Jovem";"%";4,00;6,00;8,00;10,00;
2024;132;"5661";"1289";"0060";11628;"0742";"População Negra";"%";7,50;9,50;11,50;13,50;
2024;132;"5662";"1268";"0026";11374;"06PI";"Mulheres";"unidade";44,00;43,00;45,00;45,00;
2024;132;"5662";"1268";"0026";11374;"06PI";"População Negra";"unidade";26,00;25,00;26,00;18,00;
2024;132;"5838";"1340";"0517";11460;"06UA";"Indígenas";"unidade";30,00;60,00;90,00;120,00;
2024;132;"5838";"1340";"0518";11645;"06ST";"Indígenas";"unidade";5,00;10,00;15,00;20,00;
2024;5;"1191";"1328";"0328";10086;"05DL";"Povos e Comunidades Tradicionais";;12.084,00;14.920,00;17.483,00;19.160,00;
2024;5;"4006";"1338";"0478";11048;"05OI";"População Negra";"unidade";3.150,00;6.500,00;9.750,00;21.000,00;
2024;5;"4006";"1338";"0478";11048;"05OI";"Povos e Comunidades Tradicionais";"unidade";390,00;390,00;585,00;1.260,00;
2024;5;"4006";"1338";"0478";11048;"05OI";"Quilombolas";"unidade";315,00;650,00;975,00;2.100,00;
2024;5;"5113";"1329";"0352";9693;"06GT";"População Negra";"%";31,80;33,40;35,10;36,90;
2024;5;"5136";"1327";"0344";10144;"05E7";"Quilombolas";"unidade";12.000,00;16.000,00;30.000,00;42.000,00;
2024;5;"5661";"1289";"0060";11628;"0742";"População Negra";"%";7,50;9,50;11,50;13,50;
2024;5;"5662";"1268";"0026";11374;"06PI";"População Negra";"unidade";26,00;25,00;26,00;18,00;
2024;7;"1191";"1328";"0328";10086;"05DL";"Mulheres";;6.905,00;8.526,00;9.990,00;10.948,00;
2024;7;"5126";"1337";"0431";10456;"06P9";"Mulheres";"pessoas/ano";60.000,00;60.000,00;60.000,00;60.000,00;
2024;7;"5661";"1289";"0057";11623;"06U0";"Mulheres";"unidade";300,00;350,00;350,00;350,00;
2024;7;"5661";"1289";"0060";11628;"0742";"Jovem";"%";4,00;6,00;8,00;10,00;
2024;7;"5661";"1289";"0060";11628;"0742";"População Negra";"%";7,50;9,50;11,50;13,50;
2024;7;"5662";"1268";"0026";11374;"06PI";"Mulheres";"unidade";44,00;43,00;45,00;45,00;
2024;7;"5662";"1268";"0026";11374;"06PI";"População Negra";"unidade";26,00;25,00;26,00;18,00;
2024;7;"5838";"1340";"0518";11645;"06ST";"Indígenas";"unidade";5,00;10,00;15,00;20,00;
2024;9;"5816";"1313";"0191";9864;"06I4";"LGBTQIA+";;4,00;2,00;1,00;7,00;
2024;9;"5816";"1313";"0191";9864;"06I4";"Povos e Comunidades Tradicionais";;2,00;1,00;1,00;4,00;
2024;9;"5816";"1313";"0191";9864;"06I4";"Quilombolas";;2,00;1,00;1,00;4,00;
2024;10;"1191";"1328";"0325";10182;"05EJ";"Mulheres";"unidade";7.500,00;15.000,00;22.500,00;37.500,00;
2024;10;"1191";"1328";"0328";10086;"05DL";"Mulheres";;6.905,00;8.526,00;9.990,00;10.948,00;
2024;10;"1191";"1328";"0328";10086;"05DL";"Povos e Comunidades Tradicionais";;12.084,00;14.920,00;17.483,00;19.160,00;
2024;10;"5136";"1327";"0344";10144;"05E7";"Quilombolas";"unidade";12.000,00;16.000,00;30.000,00;42.000,00;
2024;138;"5113";"1329";"0352";9693;"06GT";"População Negra";"%";31,80;33,40;35,10;36,90;
2024;11;"5838";"1340";"0519";11306;"06UU";"Indígenas";"unidade";15,00;30,00;45,00;60,00;
2024;140;"5113";"1329";"0352";9693;"06GT";"População Negra";"%";31,80;33,40;35,10;36,90;
2024;142;"5126";"1337";"0455";10609;"06MT";"Pessoa com Deficiência";;4.000,00;4.000,00;4.000,00;8.000,00;
2024;143;"5838";"1340";"0518";11645;"06ST";"Indígenas";"unidade";5,00;10,00;15,00;20,00;
